date,views
2009-12-02,1
2009-12-07,9053
2009-12-08,35397
2009-12-09,31502
2009-12-10,28253
2009-12-11,30658
2009-12-12,32490
2009-12-13,28067
2009-12-14,27892
2009-12-15,25896
2009-12-16,26023
2009-12-17,30049
2009-12-18,38467
2009-12-19,43563
2009-12-20,43320
2009-12-21,47321
2009-12-22,44883
2009-12-23,55735
2009-12-24,92358
2009-12-25,63553
2009-12-26,14192
2009-12-27,9985
2009-12-28,8256
2009-12-29,6980
2009-12-30,6880
2009-12-31,7550
2010-01-01,5177
2010-01-02,5165
2010-01-03,4124
2010-01-04,3743
2010-01-05,3583
2010-01-06,4359
2010-01-07,5148
2010-01-08,5045
2010-01-09,4794
2010-01-10,3808
2010-01-11,3025
2010-01-12,3491
2010-01-13,3257
2010-01-14,3504
2010-01-15,3816
2010-01-16,4680
2010-01-17,4344
2010-01-18,3835
2010-01-19,2991
2010-01-20,2235
2010-01-21,2500
2010-01-22,3294
2010-01-23,3621
2010-01-24,3204
2010-01-25,2638
2010-01-26,2415
2010-01-27,2432
2010-01-28,2735
2010-01-29,3649
2010-01-30,4685
2010-01-31,3836
2010-02-01,3230
2010-02-02,2920
2010-02-03,2412
2010-02-04,2550
2010-02-05,3098
2010-02-06,3228
2010-02-07,2791
2010-02-08,2386
2010-02-09,2680
2010-02-10,2970
2010-02-11,1469
2010-02-12,1431
2010-02-13,1659
2010-02-14,1352
2010-02-15,1264
2010-02-16,1114
2010-02-17,1125
2010-02-18,1139
2010-02-19,1216
2010-02-20,1439
2010-02-21,1198
2010-02-22,960
2010-02-23,1041
2010-02-24,968
2010-02-25,1116
2010-02-26,1154
2010-02-27,1303
2010-02-28,962
2010-03-01,761
2010-03-02,879
2010-03-03,869
2010-03-04,897
2010-03-05,966
2010-03-06,1079
2010-03-07,906
2010-03-08,722
2010-03-09,817
2010-03-10,806
2010-03-11,818
2010-03-12,786
2010-03-13,914
2010-03-14,800
2010-03-15,675
2010-03-16,673
2010-03-17,695
2010-03-18,638
2010-03-19,740
2010-03-20,909
2010-03-21,775
2010-03-22,778
2010-03-23,851
2010-03-24,807
2010-03-25,1096
2010-03-26,1133
2010-03-27,1087
2010-03-28,939
2010-03-29,880
2010-03-30,966
2010-03-31,782
2010-04-01,701
2010-04-02,694
2010-04-03,822
2010-04-04,670
2010-04-05,626
2010-04-06,592
2010-04-07,663
2010-04-08,618
2010-04-09,680
2010-04-10,788
2010-04-11,661
2010-04-12,546
2010-04-13,576
2010-04-14,529
2010-04-15,569
2010-04-16,690
2010-04-17,748
2010-04-18,617
2010-04-19,559
2010-04-20,563
2010-04-21,571
2010-04-22,548
2010-04-23,636
2010-04-24,657
2010-04-25,628
2010-04-26,548
2010-04-27,634
2010-04-28,583
2010-04-29,559
2010-04-30,582
2010-05-01,629
2010-05-02,606
2010-05-03,564
2010-05-04,525
2010-05-05,543
2010-05-06,583
2010-05-07,637
2010-05-08,676
2010-05-09,571
2010-05-10,507
2010-05-11,642
2010-05-12,575
2010-05-13,621
2010-05-14,598
2010-05-15,606
2010-05-16,610
2010-05-17,566
2010-05-18,634
2010-05-19,537
2010-05-20,536
2010-05-21,528
2010-05-22,585
2010-05-23,558
2010-05-24,488
2010-05-25,472
2010-05-26,527
2010-05-27,559
2010-05-28,618
2010-05-29,702
2010-05-30,557
2010-05-31,532
2010-06-01,503
2010-06-02,500
2010-06-03,500
2010-06-04,480
2010-06-05,561
2010-06-06,576
2010-06-07,582
2010-06-08,509
2010-06-09,582
2010-06-10,608
2010-06-11,556
2010-06-12,545
2010-06-13,523
2010-06-14,606
2010-06-15,577
2010-06-16,747
2010-06-17,602
2010-06-18,591
2010-06-19,572
2010-06-20,535
2010-06-21,589
2010-06-22,557
2010-06-23,626
2010-06-24,579
2010-06-25,557
2010-06-26,595
2010-06-27,528
2010-06-28,647
2010-06-29,587
2010-06-30,608
2010-07-01,487
2010-07-02,425
2010-07-03,424
2010-07-04,403
2010-07-05,461
2010-07-06,500
2010-07-07,534
2010-07-08,567
2010-07-09,553
2010-07-10,524
2010-07-11,437
2010-07-12,518
2010-07-13,518
2010-07-14,428
2010-07-15,664
2010-07-16,651
2010-07-17,615
2010-07-18,514
2010-07-19,657
2010-07-20,694
2010-07-21,719
2010-07-22,778
2010-07-23,695
2010-07-24,904
2010-07-25,755
2010-07-26,716
2010-07-27,742
2010-07-28,815
2010-07-29,714
2010-07-30,686
2010-07-31,665
2010-08-01,630
2010-08-02,732
2010-08-03,769
2010-08-04,762
2010-08-05,735
2010-08-06,752
2010-08-07,677
2010-08-08,668
2010-08-09,749
2010-08-10,932
2010-08-11,1146
2010-08-12,1095
2010-08-13,1174
2010-08-14,877
2010-08-15,790
2010-08-16,779
2010-08-17,1009
2010-08-18,1265
2010-08-19,1664
2010-08-20,1892
2010-08-21,2041
2010-08-22,1885
2010-08-23,2028
2010-08-24,2232
2010-08-25,2259
2010-08-26,2170
2010-08-27,2096
2010-08-28,2183
2010-08-29,2326
2010-08-30,2159
2010-08-31,3271
2010-09-01,3290
2010-09-02,3237
2010-09-03,2980
2010-09-04,2935
2010-09-05,2930
2010-09-06,3066
2010-09-07,2843
2010-09-08,2775
2010-09-09,3003
2010-09-10,3160
2010-09-11,3500
2010-09-12,3227
2010-09-13,3040
2010-09-14,3517
2010-09-15,3676
2010-09-16,3705
2010-09-17,3789
2010-09-18,4083
2010-09-19,4041
2010-09-20,4164
2010-09-21,4158
2010-09-22,4014
2010-09-23,3990
2010-09-24,4199
2010-09-25,4745
2010-09-26,4962
2010-09-27,4890
2010-09-28,4946
2010-09-29,5013
2010-09-30,4959
2010-10-01,5843
2010-10-02,7153
2010-10-03,7275
2010-10-04,6422
2010-10-05,6387
2010-10-06,6275
2010-10-07,6066
2010-10-08,6037
2010-10-09,6474
2010-10-10,6832
2010-10-11,6517
2010-10-12,6652
2010-10-13,5832
2010-10-14,7540
2010-10-15,7390
2010-10-16,8028
2010-10-17,8877
2010-10-18,8478
2010-10-19,8694
2010-10-20,9187
2010-10-21,9343
2010-10-22,9837
2010-10-23,9836
2010-10-24,10772
2010-10-25,10480
2010-10-26,11065
2010-10-27,10795
2010-10-28,11439
2010-10-29,10751
2010-10-30,11060
2010-10-31,12021
2010-11-01,14866
2010-11-02,17676
2010-11-03,19713
2010-11-04,20194
2010-11-05,19471
2010-11-06,22650
2010-11-07,27262
2010-11-08,25661
2010-11-09,26567
2010-11-10,27095
2010-11-11,34572
2010-11-12,35189
2010-11-13,37496
2010-11-14,38958
2010-11-15,38899
2010-11-16,39479
2010-11-17,44823
2010-11-18,47217
2010-11-19,48503
2010-11-20,54348
2010-11-21,63029
2010-11-22,61624
2010-11-23,65324
2010-11-24,78490
2010-11-25,85171
2010-11-26,95304
2010-11-27,109431
2010-11-28,130830
2010-11-29,127664
2010-11-30,142217
2010-12-01,212495
2010-12-02,225955
2010-12-03,229279
2010-12-04,255561
2010-12-05,258113
2010-12-06,223412
2010-12-07,212876
2010-12-08,220759
2010-12-09,226995
2010-12-10,227009
2010-12-11,245656
2010-12-12,240824
2010-12-13,218650
2010-12-14,220289
2010-12-15,229113
2010-12-16,251152
2010-12-17,281700
2010-12-18,301404
2010-12-19,282321
2010-12-20,276810
2010-12-21,300047
2010-12-22,349198
2010-12-23,475030
2010-12-24,742482
2010-12-25,360915
2010-12-26,130774
2010-12-27,82626
2010-12-28,61542
2010-12-29,52747
2010-12-30,49537
2010-12-31,57760
2011-01-01,28122
2011-01-02,24236
2011-01-03,19277
2011-01-04,17964
2011-01-05,17091
2011-01-06,19427
2011-01-07,17515
2011-01-08,16007
2011-01-09,12626
2011-01-10,10217
2011-01-11,9903
2011-01-12,9165
2011-01-13,9576
2011-01-14,9979
2011-01-15,10734
2011-01-16,9281
2011-01-17,7678
2011-01-18,7075
2011-01-19,7725
2011-01-20,7460
2011-01-21,8277
2011-01-22,8456
2011-01-23,8655
2011-01-24,9159
2011-01-25,8887
2011-01-26,9548
2011-01-27,9758
2011-01-28,10781
2011-01-29,11996
2011-01-30,9980
2011-01-31,8331
2011-02-01,9350
2011-02-02,8914
2011-02-03,8514
2011-02-04,7658
2011-02-05,8423
2011-02-06,5790
2011-02-07,4628
2011-02-08,4870
2011-02-09,4761
2011-02-10,4868
2011-02-11,5199
2011-02-12,5885
2011-02-13,5198
2011-02-14,4595
2011-02-15,4460
2011-02-16,4422
2011-02-17,4174
2011-02-18,4673
2011-02-19,5325
2011-02-20,5157
2011-02-21,4224
2011-02-22,4043
2011-02-23,3977
2011-02-24,4817
2011-02-25,4462
2011-02-26,4622
2011-02-27,4078
2011-02-28,3727
2011-03-01,4004
2011-03-02,3900
2011-03-03,3968
2011-03-04,4341
2011-03-05,4837
2011-03-06,4385
2011-03-07,3671
2011-03-08,3677
2011-03-09,3680
2011-03-10,4062
2011-03-11,3612
2011-03-12,4203
2011-03-13,3766
2011-03-14,3684
2011-03-15,3596
2011-03-16,3933
2011-03-17,3976
2011-03-18,3797
2011-03-19,4171
2011-03-20,3725
2011-03-21,3261
2011-03-22,3528
2011-03-23,3405
2011-03-24,3640
2011-03-25,4311
2011-03-26,4749
2011-03-27,4510
2011-03-28,3992
2011-03-29,3911
2011-03-30,3778
2011-03-31,3986
2011-04-01,4018
2011-04-02,4268
2011-04-03,3884
2011-04-04,3486
2011-04-05,3644
2011-04-06,3604
2011-04-07,4289
2011-04-08,5537
2011-04-09,5951
2011-04-10,5781
2011-04-11,6771
2011-04-12,6925
2011-04-13,6686
2011-04-14,4971
2011-04-15,4608
2011-04-16,5239
2011-04-17,4406
2011-04-18,4240
2011-04-19,4361
2011-04-20,4207
2011-04-21,6517
2011-04-22,6575
2011-04-23,6695
2011-04-24,6202
2011-04-25,5844
2011-04-26,5926
2011-04-27,5853
2011-04-28,5330
2011-04-29,4184
2011-04-30,4744
2011-05-01,4576
2011-05-02,3880
2011-05-03,4096
2011-05-04,4077
2011-05-05,4146
2011-05-06,4035
2011-05-07,4293
2011-05-08,3949
2011-05-09,3654
2011-05-10,3543
2011-05-11,3658
2011-05-12,3822
2011-05-13,4151
2011-05-14,4609
2011-05-15,4284
2011-05-16,3889
2011-05-17,3953
2011-05-18,3691
2011-05-19,3925
2011-05-20,4056
2011-05-21,4395
2011-05-22,4227
2011-05-23,3867
2011-05-24,3827
2011-05-25,4089
2011-05-26,4028
2011-05-27,4462
2011-05-28,4726
2011-05-29,4475
2011-05-30,4048
2011-05-31,3984
2011-06-01,4028
2011-06-02,4152
2011-06-03,4194
2011-06-04,4367
2011-06-05,4062
2011-06-06,3761
2011-06-07,3717
2011-06-08,3864
2011-06-09,4021
2011-06-10,4352
2011-06-11,4497
2011-06-12,4122
2011-06-13,4044
2011-06-14,3430
2011-06-15,3239
2011-06-16,3294
2011-06-17,3889
2011-06-18,3765
2011-06-19,3434
2011-06-20,3700
2011-06-21,3603
2011-06-22,3554
2011-06-23,3720
2011-06-24,3933
2011-06-25,3716
2011-06-26,3284
2011-06-27,3549
2011-06-28,3508
2011-06-29,3530
2011-06-30,3437
2011-07-01,3727
2011-07-02,3270
2011-07-03,3382
2011-07-04,3371
2011-07-05,3541
2011-07-06,3694
2011-07-07,3392
2011-07-08,3367
2011-07-09,3293
2011-07-10,3265
2011-07-11,3290
2011-07-12,3605
2011-07-13,3564
2011-07-14,3295
2011-07-15,3280
2011-07-16,3105
2011-07-17,3291
2011-07-18,3550
2011-07-19,3517
2011-07-20,3544
2011-07-21,3557
2011-07-22,3642
2011-07-23,3429
2011-07-24,3532
2011-07-25,3840
2011-07-26,4137
2011-07-27,4176
2011-07-28,3504
2011-07-29,3219
2011-07-30,3264
2011-07-31,2986
2011-08-01,3498
2011-08-02,3422
2011-08-03,3158
2011-08-04,3164
2011-08-05,3140
2011-08-06,3008
2011-08-07,2904
2011-08-08,3250
2011-08-09,3289
2011-08-10,3337
2011-08-11,3481
2011-08-12,3534
2011-08-13,3926
2011-08-14,3994
2011-08-15,4380
2011-08-16,4297
2011-08-17,3960
2011-08-18,3712
2011-08-19,3957
2011-08-20,3261
2011-08-21,3975
2011-08-22,4082
2011-08-23,4246
2011-08-24,4248
2011-08-25,4186
2011-08-26,4503
2011-08-27,4579
2011-08-28,4530
2011-08-29,4383
2011-08-30,4943
2011-08-31,8284
2011-09-01,7475
2011-09-02,6750
2011-09-03,6336
2011-09-04,7130
2011-09-05,6915
2011-09-06,6903
2011-09-07,6821
2011-09-08,7096
2011-09-09,6355
2011-09-10,6564
2011-09-11,6392
2011-09-12,5751
2011-09-13,5858
2011-09-14,6417
2011-09-15,7066
2011-09-16,7436
2011-09-17,8053
2011-09-18,7957
2011-09-19,7380
2011-09-20,7497
2011-09-21,7330
2011-09-22,7140
2011-09-23,7484
2011-09-24,8172
2011-09-25,8184
2011-09-26,6928
2011-09-27,7190
2011-09-28,7575
2011-09-29,8158
2011-09-30,8236
2011-10-01,9238
2011-10-02,10101
2011-10-03,9442
2011-10-04,10675
2011-10-05,17090
2011-10-06,15059
2011-10-07,14466
2011-10-08,14569
2011-10-09,14376
2011-10-10,14570
2011-10-11,13715
2011-10-12,12624
2011-10-13,12159
2011-10-14,13076
2011-10-15,14374
2011-10-16,15558
2011-10-17,15387
2011-10-18,16311
2011-10-19,19842
2011-10-20,20579
2011-10-21,19838
2011-10-22,20618
2011-10-23,22244
2011-10-24,22519
2011-10-25,22169
2011-10-26,21741
2011-10-27,21996
2011-10-28,23821
2011-10-29,28215
2011-10-30,29599
2011-10-31,29562
2011-11-01,39605
2011-11-02,40868
2011-11-03,43989
2011-11-04,42645
2011-11-05,46698
2011-11-06,48394
2011-11-07,45268
2011-11-08,45679
2011-11-09,55011
2011-11-10,51717
2011-11-11,50710
2011-11-12,53956
2011-11-13,61783
2011-11-14,58254
2011-11-15,62841
2011-11-16,68124
2011-11-17,71387
2011-11-18,72981
2011-11-19,83519
2011-11-20,92095
2011-11-21,87266
2011-11-22,90915
2011-11-23,105220
2011-11-24,113123
2011-11-25,117273
2011-11-26,135588
2011-11-27,155284
2011-11-28,135736
2011-11-29,149155
2011-11-30,194571
2011-12-01,295643
2011-12-02,265641
2011-12-03,283299
2011-12-04,275843
2011-12-05,237094
2011-12-06,255298
2011-12-07,247902
2011-12-08,261916
2011-12-09,275131
2011-12-10,303674
2011-12-11,306331
2011-12-12,281874
2011-12-13,294241
2011-12-14,317994
2011-12-15,338480
2011-12-16,373894
2011-12-17,383186
2011-12-18,363387
2011-12-19,357666
2011-12-20,403337
2011-12-21,459356
2011-12-22,531205
2011-12-23,729009
2011-12-24,1052345
2011-12-25,511577
2011-12-26,202006
2011-12-27,148349
2011-12-28,113258
2011-12-29,104775
2011-12-30,105305
2011-12-31,114547
2012-01-01,61851
2012-01-02,58328
2012-01-03,27650
2012-01-04,24963
2012-01-05,23919
2012-01-06,27699
2012-01-07,25248
2012-01-08,18532
2012-01-09,14852
2012-01-10,12972
2012-01-11,12089
2012-01-12,12012
2012-01-13,13672
2012-01-14,14504
2012-01-15,12250
2012-01-16,10160
2012-01-17,10192
2012-01-18,10494
2012-01-19,10034
2012-01-20,10956
2012-01-21,12135
2012-01-22,10050
2012-01-23,8343
2012-01-24,8223
2012-01-25,7865
2012-01-26,7561
2012-01-27,8422
2012-01-28,9625
2012-01-29,8417
2012-01-30,6671
2012-01-31,6428
2012-02-01,6557
2012-02-02,6548
2012-02-03,7376
2012-02-04,7556
2012-02-05,6404
2012-02-06,4967
2012-02-07,4870
2012-02-08,4924
2012-02-09,4712
2012-02-10,5426
2012-02-11,6296
2012-02-12,7739
2012-02-13,6037
2012-02-14,5582
2012-02-15,5621
2012-02-16,5921
2012-02-17,6773
2012-02-18,7017
2012-02-19,5882
2012-02-20,5029
2012-02-21,4814
2012-02-22,4957
2012-02-23,4662
2012-02-24,4955
2012-02-25,5301
2012-02-26,4919
2012-02-27,4254
2012-02-28,4197
2012-02-29,4467
2012-03-01,4447
2012-03-02,4540
2012-03-03,4811
2012-03-04,4203
2012-03-05,3444
2012-03-06,3789
2012-03-07,4078
2012-03-08,4540
2012-03-09,4740
2012-03-10,5243
2012-03-11,4006
2012-03-12,3453
2012-03-13,3733
2012-03-14,3791
2012-03-15,3539
2012-03-16,3667
2012-03-17,4641
2012-03-18,4295
2012-03-19,3783
2012-03-20,3638
2012-03-21,3995
2012-03-22,3716
2012-03-23,3878
2012-03-24,4306
2012-03-25,4083
2012-03-26,3883
2012-03-27,3978
2012-03-28,3634
2012-03-29,3922
2012-03-30,4952
2012-03-31,5564
2012-04-01,5120
2012-04-02,4495
2012-04-03,4678
2012-04-04,4821
2012-04-05,4824
2012-04-06,5087
2012-04-07,4773
2012-04-08,4788
2012-04-09,4495
2012-04-10,4329
2012-04-11,4276
2012-04-12,4265
2012-04-13,4484
2012-04-14,5045
2012-04-15,4433
2012-04-16,3944
2012-04-17,4128
2012-04-18,4303
2012-04-19,4290
2012-04-20,4611
2012-04-21,5019
2012-04-22,4461
2012-04-23,4053
2012-04-24,4162
2012-04-25,3927
2012-04-26,4175
2012-04-27,4551
2012-04-28,5068
2012-04-29,4716
2012-04-30,4350
2012-05-01,4532
2012-05-02,4322
2012-05-03,4390
2012-05-04,4870
2012-05-05,5355
2012-05-06,4523
2012-05-07,4060
2012-05-08,4031
2012-05-09,4261
2012-05-10,4279
2012-05-11,4540
2012-05-12,4822
2012-05-13,4288
2012-05-14,3950
2012-05-15,4164
2012-05-16,4504
2012-05-17,4664
2012-05-18,4652
2012-05-19,4777
2012-05-20,4256
2012-05-21,3960
2012-05-22,4281
2012-05-23,4188
2012-05-24,4024
2012-05-25,4772
2012-05-26,5268
2012-05-27,4607
2012-05-28,4278
2012-05-29,4170
2012-05-30,4337
2012-05-31,4382
2012-06-01,4703
2012-06-02,5129
2012-06-03,4801
2012-06-04,4298
2012-06-05,4518
2012-06-06,4595
2012-06-07,4606
2012-06-08,4442
2012-06-09,5002
2012-06-10,4454
2012-06-11,4213
2012-06-12,4379
2012-06-13,4120
2012-06-14,4082
2012-06-15,4223
2012-06-16,4239
2012-06-17,4049
2012-06-18,4091
2012-06-19,4098
2012-06-20,4250
2012-06-21,4165
2012-06-22,4241
2012-06-23,4074
2012-06-24,4041
2012-06-25,4257
2012-06-26,3926
2012-06-27,3931
2012-06-28,4386
2012-06-29,4131
2012-06-30,3784
2012-07-01,3773
2012-07-02,3821
2012-07-03,3782
2012-07-04,3724
2012-07-05,3786
2012-07-06,3849
2012-07-07,3939
2012-07-08,3888
2012-07-09,3795
2012-07-10,4066
2012-07-11,3981
2012-07-12,4287
2012-07-13,4350
2012-07-14,4103
2012-07-15,3966
2012-07-16,4028
2012-07-17,4184
2012-07-18,4004
2012-07-19,4186
2012-07-20,4225
2012-07-21,4219
2012-07-22,3936
2012-07-23,4236
2012-07-24,5073
2012-07-25,5007
2012-07-26,5177
2012-07-27,4568
2012-07-28,4389
2012-07-29,4216
2012-07-30,4334
2012-07-31,4228
2012-08-01,4363
2012-08-02,4584
2012-08-03,4803
2012-08-04,4548
2012-08-05,4252
2012-08-06,4538
2012-08-07,4722
2012-08-08,4873
2012-08-09,4710
2012-08-10,4847
2012-08-11,5111
2012-08-12,4524
2012-08-13,2658
2012-08-14,2650
2012-08-15,3050
2012-08-16,3307
2012-08-17,3381
2012-08-18,3224
2012-08-19,3015
2012-08-20,3142
2012-08-21,3258
2012-08-22,3809
2012-08-23,5138
2012-08-24,5096
2012-08-25,5132
2012-08-26,5551
2012-08-27,5266
2012-08-28,4651
2012-08-29,4869
2012-08-30,4807
2012-08-31,6565
2012-09-01,6315
2012-09-02,6019
2012-09-03,5760
2012-09-04,5696
2012-09-05,5547
2012-09-06,5719
2012-09-07,5907
2012-09-08,6133
2012-09-09,6165
2012-09-10,5628
2012-09-11,5705
2012-09-12,5892
2012-09-13,7076
2012-09-14,6932
2012-09-15,6478
2012-09-16,6396
2012-09-17,5981
2012-09-18,7720
2012-09-19,10236
2012-09-20,11008
2012-09-21,9719
2012-09-22,7922
2012-09-23,8021
2012-09-24,7520
2012-09-25,7696
2012-09-26,7966
2012-09-27,7655
2012-09-28,10616
2012-09-29,12381
2012-09-30,12542
2012-10-01,12394
2012-10-02,15971
2012-10-03,14708
2012-10-04,12340
2012-10-05,12970
2012-10-06,13867
2012-10-07,14505
2012-10-08,13545
2012-10-09,13905
2012-10-10,13613
2012-10-11,14543
2012-10-12,14472
2012-10-13,15399
2012-10-14,15392
2012-10-15,14456
2012-10-16,14378
2012-10-17,15414
2012-10-18,15742
2012-10-19,15766
2012-10-20,16814
2012-10-21,17876
2012-10-22,16529
2012-10-23,16940
2012-10-24,17894
2012-10-25,19387
2012-10-26,20144
2012-10-27,24687
2012-10-28,25284
2012-10-29,23351
2012-10-30,21931
2012-10-31,21056
2012-11-01,26854
2012-11-02,27957
2012-11-03,30104
2012-11-04,34134
2012-11-05,32415
2012-11-06,33194
2012-11-07,37552
2012-11-08,37071
2012-11-09,37647
2012-11-10,42720
2012-11-11,44836
2012-11-12,46402
2012-11-13,46709
2012-11-14,52218
2012-11-15,55234
2012-11-16,58288
2012-11-17,64276
2012-11-18,72277
2012-11-19,70870
2012-11-20,76507
2012-11-21,85854
2012-11-22,78968
2012-11-23,82594
2012-11-24,95527
2012-11-25,105536
2012-11-26,95637
2012-11-27,101938
2012-11-28,106640
2012-11-29,107464
2012-11-30,127545
2012-12-01,170626
2012-12-02,180985
2012-12-03,161621
2012-12-04,193562
2012-12-05,181348
2012-12-06,199856
2012-12-07,195991
2012-12-08,206564
2012-12-09,202689
2012-12-10,179888
2012-12-11,192044
2012-12-12,185199
2012-12-13,198083
2012-12-14,198528
2012-12-15,209281
2012-12-16,201146
2012-12-17,197756
2012-12-18,215745
2012-12-19,231537
2012-12-20,277477
2012-12-21,297983
2012-12-22,285143
2012-12-23,375366
2012-12-24,648211
2012-12-25,335369
2012-12-26,114905
2012-12-27,74824
2012-12-28,59740
2012-12-29,53758
2012-12-30,53221
2012-12-31,63840
2013-01-01,31140
2013-01-02,28291
2013-01-03,24844
2013-01-04,24896
2013-01-05,24554
2013-01-06,24952
2013-01-07,23721
2013-01-08,20388
2013-01-09,19382
2013-01-10,18376
2013-01-11,19166
2013-01-12,21228
2013-01-13,19361
2013-01-14,16484
2013-01-15,16743
2013-01-16,18242
2013-01-17,20109
2013-01-18,17685
2013-01-19,14312
2013-01-20,13195
2013-01-21,10692
2013-01-22,10683
2013-01-23,11253
2013-01-24,13498
2013-01-25,18238
2013-01-26,19916
2013-01-27,16989
2013-01-28,15238
2013-01-29,15402
2013-01-30,15353
2013-01-31,15635
2013-02-01,17502
2013-02-02,18570
2013-02-03,16374
2013-02-04,13921
2013-02-05,14349
2013-02-06,14715
2013-02-07,15493
2013-02-08,14598
2013-02-09,16442
2013-02-10,14132
2013-02-11,13170
2013-02-12,13048
2013-02-13,13973
2013-02-14,14233
2013-02-15,14720
2013-02-16,16039
2013-02-17,14605
2013-02-18,13042
2013-02-19,13356
2013-02-20,13358
2013-02-21,13823
2013-02-22,9980
2013-02-23,10878
2013-02-24,9241
2013-02-25,7575
2013-02-26,7908
2013-02-27,7848
2013-02-28,8219
2013-03-01,8638
2013-03-02,9716
2013-03-03,8130
2013-03-04,5585
2013-03-05,5519
2013-03-06,6569
2013-03-07,11433
2013-03-08,13610
2013-03-09,15984
2013-03-10,14009
2013-03-11,13110
2013-03-12,12173
2013-03-13,12049
2013-03-14,11973
2013-03-15,7987
2013-03-16,10650
2013-03-17,9348
2013-03-18,8201
2013-03-19,11181
2013-03-20,11530
2013-03-21,9936
2013-03-22,5686
2013-03-23,7762
2013-03-24,7130
2013-03-25,6095
2013-03-26,7297
2013-03-27,7415
2013-03-28,6735
2013-03-29,8258
2013-03-30,7951
2013-03-31,7397
2013-04-01,6195
2013-04-02,6371
2013-04-03,6634
2013-04-04,6676
2013-04-05,6352
2013-04-06,6732
2013-04-07,6566
2013-04-08,5695
2013-04-09,5527
2013-04-10,6311
2013-04-11,6512
2013-04-12,6992
2013-04-13,7123
2013-04-14,7492
2013-04-15,6200
2013-04-16,6127
2013-04-17,7056
2013-04-18,6239
2013-04-19,7270
2013-04-20,7220
2013-04-21,6892
2013-04-22,5980
2013-04-23,6216
2013-04-24,6431
2013-04-25,6316
2013-04-26,6306
2013-04-27,7579
2013-04-28,6943
2013-04-29,6245
2013-04-30,6325
2013-05-01,6521
2013-05-02,6455
2013-05-03,6713
2013-05-04,7133
2013-05-05,6609
2013-05-06,6018
2013-05-07,6409
2013-05-08,6725
2013-05-09,6681
2013-05-10,7419
2013-05-11,7856
2013-05-12,6726
2013-05-13,6575
2013-05-14,6544
2013-05-15,6985
2013-05-16,7258
2013-05-17,8197
2013-05-18,8615
2013-05-19,7711
2013-05-20,7271
2013-05-21,7394
2013-05-22,7374
2013-05-23,7049
2013-05-24,7555
2013-05-25,8581
2013-05-26,7607
2013-05-27,7232
2013-05-28,6994
2013-05-29,6787
2013-05-30,6645
2013-05-31,7065
2013-06-01,7235
2013-06-02,7346
2013-06-03,6836
2013-06-04,7053
2013-06-05,7171
2013-06-06,7413
2013-06-07,4949
2013-06-08,4758
2013-06-09,4467
2013-06-10,4509
2013-06-11,4407
2013-06-12,4418
2013-06-13,4237
2013-06-14,4481
2013-06-15,4869
2013-06-16,4714
2013-06-17,4623
2013-06-18,4498
2013-06-19,4532
2013-06-20,4466
2013-06-21,4934
2013-06-22,4949
2013-06-23,4651
2013-06-24,4657
2013-06-25,4102
2013-06-26,4514
2013-06-27,4721
2013-06-28,5044
2013-06-29,5066
2013-06-30,4796
2013-07-01,5099
2013-07-02,4981
2013-07-03,5354
2013-07-04,5303
2013-07-05,5686
2013-07-06,5851
2013-07-07,5721
2013-07-08,5539
2013-07-09,5561
2013-07-10,5706
2013-07-11,5708
2013-07-12,5195
2013-07-13,4718
2013-07-14,4581
2013-07-15,4528
2013-07-16,4591
2013-07-17,4509
2013-07-18,4458
2013-07-19,4743
2013-07-20,4732
2013-07-21,4759
2013-07-22,4656
2013-07-23,4664
2013-07-24,4542
2013-07-25,4896
2013-07-26,4610
2013-07-27,4640
2013-07-28,4377
2013-07-29,4974
2013-07-30,4924
2013-07-31,5133
2013-08-01,4896
2013-08-02,5133
2013-08-03,4851
2013-08-04,4977
2013-08-05,5043
2013-08-06,5230
2013-08-07,5278
2013-08-08,5039
2013-08-09,5025
2013-08-10,5158
2013-08-11,5028
2013-08-12,4932
2013-08-13,4887
2013-08-14,5078
2013-08-15,5072
2013-08-16,5127
2013-08-17,5203
2013-08-18,4930
2013-08-19,5005
2013-08-20,5005
2013-08-21,4430
2013-08-22,4837
2013-08-23,5025
2013-08-24,5002
2013-08-25,4947
2013-08-26,4616
2013-08-27,4666
2013-08-28,4907
2013-08-29,5351
2013-08-30,5457
2013-08-31,6594
2013-09-01,6467
2013-09-02,6193
2013-09-03,6257
2013-09-04,6678
2013-09-05,6791
2013-09-06,7347
2013-09-07,8392
2013-09-08,8167
2013-09-09,7440
2013-09-10,7957
2013-09-11,8016
2013-09-12,8494
2013-09-13,9060
2013-09-14,10261
2013-09-15,10405
2013-09-16,9101
2013-09-17,9533
2013-09-18,9484
2013-09-19,9638
2013-09-20,9825
2013-09-21,11426
2013-09-22,11248
2013-09-23,10245
2013-09-24,11308
2013-09-25,11593
2013-09-26,11061
2013-09-27,11185
2013-09-28,12379
2013-09-29,12798
2013-09-30,11262
2013-10-01,11957
2013-10-02,12425
2013-10-03,14034
2013-10-04,13166
2013-10-05,14248
2013-10-06,15031
2013-10-07,13667
2013-10-08,14090
2013-10-09,14898
2013-10-10,15029
2013-10-11,15053
2013-10-12,17192
2013-10-13,18163
2013-10-14,16980
2013-10-15,16444
2013-10-16,17328
2013-10-17,18066
2013-10-18,18871
2013-10-19,20491
2013-10-20,21089
2013-10-21,20039
2013-10-22,20256
2013-10-23,21482
2013-10-24,22133
2013-10-25,22902
2013-10-26,25715
2013-10-27,26882
2013-10-28,24726
2013-10-29,26150
2013-10-30,25650
2013-10-31,24121
2013-11-01,33545
2013-11-02,36550
2013-11-03,43231
2013-11-04,40612
2013-11-05,44902
2013-11-06,47349
2013-11-07,49686
2013-11-08,54710
2013-11-09,61579
2013-11-10,66157
2013-11-11,69071
2013-11-12,72879
2013-11-13,76049
2013-11-14,77605
2013-11-15,80405
2013-11-16,95668
2013-11-17,101635
2013-11-18,95240
2013-11-19,103428
2013-11-20,115117
2013-11-21,110674
2013-11-22,122077
2013-11-23,144608
2013-11-24,155949
2013-11-25,146232
2013-11-26,165146
2013-11-27,183502
2013-11-28,177959
2013-11-29,193117
2013-11-30,233516
2013-12-01,300058
2013-12-02,259116
2013-12-03,299841
2013-12-04,318843
2013-12-05,330353
2013-12-06,374147
2013-12-07,407190
2013-12-08,399012
2013-12-09,335268
2013-12-10,360628
2013-12-11,365100
2013-12-12,395993
2013-12-13,463050
2013-12-14,493934
2013-12-15,441655
2013-12-16,398460
2013-12-17,428945
2013-12-18,468451
2013-12-19,558385
2013-12-20,624160
2013-12-21,603972
2013-12-22,618199
2013-12-23,829247
2013-12-24,1448623
2013-12-25,745885
2013-12-26,235319
2013-12-27,139790
2013-12-28,107429
2013-12-29,89794
2013-12-30,82939
2013-12-31,115310
2014-01-01,51996
2014-01-02,44282
2014-01-03,38945
2014-01-04,34315
2014-01-05,31454
2014-01-06,31715
2014-01-07,27774
2014-01-08,25698
2014-01-09,23467
2014-01-10,24197
2014-01-11,25245
2014-01-12,22446
2014-01-13,19478
2014-01-14,17563
2014-01-15,17863
2014-01-16,16440
2014-01-17,16165
2014-01-18,18690
2014-01-19,16119
2014-01-20,15128
2014-01-21,14182
2014-01-22,13888
2014-01-23,14389
2014-01-24,16156
2014-01-25,17531
2014-01-26,15151
2014-01-27,12241
2014-01-28,12867
2014-01-29,13210
2014-01-30,12868
2014-01-31,13427
2014-02-01,15400
2014-02-02,14442
2014-02-03,12139
2014-02-04,9939
2014-02-05,10380
2014-02-06,10648
2014-02-07,11372
2014-02-08,13006
2014-02-09,11863
2014-02-10,9872
2014-02-11,9946
2014-02-12,10103
2014-02-13,10779
2014-02-14,11936
2014-02-15,12183
2014-02-16,10942
2014-02-17,8695
2014-02-18,8017
2014-02-19,8041
2014-02-20,8456
2014-02-21,9427
2014-02-22,9265
2014-02-23,8534
2014-02-24,7857
2014-02-25,7855
2014-02-26,7850
2014-02-27,8224
2014-02-28,8369
2014-03-01,9305
2014-03-02,8130
2014-03-03,7257
2014-03-04,7225
2014-03-05,7350
2014-03-06,7219
2014-03-07,7906
2014-03-08,8221
2014-03-09,7198
2014-03-10,6461
2014-03-11,6417
2014-03-12,6483
2014-03-13,6593
2014-03-14,7048
2014-03-15,7825
2014-03-16,6989
2014-03-17,5921
2014-03-18,6153
2014-03-19,6425
2014-03-20,6690
2014-03-21,7044
2014-03-22,7966
2014-03-23,7218
2014-03-24,6469
2014-03-25,6388
2014-03-26,6336
2014-03-27,6704
2014-03-28,7110
2014-03-29,7942
2014-03-30,6623
2014-03-31,6229
2014-04-01,6319
2014-04-02,6672
2014-04-03,6936
2014-04-04,7357
2014-04-05,8121
2014-04-06,7184
2014-04-07,6503
2014-04-08,6992
2014-04-09,7293
2014-04-10,7965
2014-04-11,8415
2014-04-12,8918
2014-04-13,8129
2014-04-14,7703
2014-04-15,7825
2014-04-16,7869
2014-04-17,8204
2014-04-18,7837
2014-04-19,8339
2014-04-20,7675
2014-04-21,7732
2014-04-22,7366
2014-04-23,7806
2014-04-24,8372
2014-04-25,8844
2014-04-26,9110
2014-04-27,8240
2014-04-28,7493
2014-04-29,7955
2014-04-30,7943
2014-05-01,8747
2014-05-02,8745
2014-05-03,9142
2014-05-04,8260
2014-05-05,7880
2014-05-06,7676
2014-05-07,8012
2014-05-08,8341
2014-05-09,8653
2014-05-10,9209
2014-05-11,8432
2014-05-12,8222
2014-05-13,8766
2014-05-14,8830
2014-05-15,8914
2014-05-16,9520
2014-05-17,9647
2014-05-18,8558
2014-05-19,8359
2014-05-20,8851
2014-05-21,8882
2014-05-22,9039
2014-05-23,9461
2014-05-24,9487
2014-05-25,8855
2014-05-26,8601
2014-05-27,8659
2014-05-28,9297
2014-05-29,9184
2014-05-30,9876
2014-05-31,10023
2014-06-01,9813
2014-06-02,9245
2014-06-03,9666
2014-06-04,10415
2014-06-05,10144
2014-06-06,10815
2014-06-07,10924
2014-06-08,9941
2014-06-09,10102
2014-06-10,10028
2014-06-11,9815
2014-06-12,9665
2014-06-13,9582
2014-06-14,10009
2014-06-15,9423
2014-06-16,9597
2014-06-17,10079
2014-06-18,10456
2014-06-19,10295
2014-06-20,10912
2014-06-21,10708
2014-06-22,10243
2014-06-23,10140
2014-06-24,10907
2014-06-25,11075
2014-06-26,11309
2014-06-27,11755
2014-06-28,10773
2014-06-29,9464
2014-06-30,9851
2014-07-01,9566
2014-07-02,9995
2014-07-03,10005
2014-07-04,9760
2014-07-05,9415
2014-07-06,9340
2014-07-07,9753
2014-07-08,10224
2014-07-09,10411
2014-07-10,10421
2014-07-11,10379
2014-07-12,10381
2014-07-13,10857
2014-07-14,11484
2014-07-15,11877
2014-07-16,12247
2014-07-17,11268
2014-07-18,10609
2014-07-19,10314
2014-07-20,10045
2014-07-21,10204
2014-07-22,10419
2014-07-23,10708
2014-07-24,10963
2014-07-25,11218
2014-07-26,11242
2014-07-27,9536
2014-07-28,10839
2014-07-29,10911
2014-07-30,10868
2014-07-31,10997
2014-08-01,11680
2014-08-02,11227
2014-08-03,10782
2014-08-04,11560
2014-08-05,11659
2014-08-06,12205
2014-08-07,12194
2014-08-08,12421
2014-08-09,11752
2014-08-10,11710
2014-08-11,11968
2014-08-12,12732
2014-08-13,12740
2014-08-14,13322
2014-08-15,12931
2014-08-16,12329
2014-08-17,12083
2014-08-18,16270
2014-08-19,8617
2014-08-20,8393
2014-08-21,7392
2014-08-22,13741
2014-08-23,13932
2014-08-24,13235
2014-08-25,13187
2014-08-26,13720
2014-08-27,14054
2014-08-28,14446
2014-08-29,15466
2014-08-30,16235
2014-08-31,19645
2014-09-01,19546
2014-09-02,18027
2014-09-03,18327
2014-09-04,18549
2014-09-05,19236
2014-09-06,21506
2014-09-07,19991
2014-09-08,18662
2014-09-09,18601
2014-09-10,19634
2014-09-11,19915
2014-09-12,20907
2014-09-13,22314
2014-09-14,21634
2014-09-15,19697
2014-09-16,20345
2014-09-17,20579
2014-09-18,20686
2014-09-19,22331
2014-09-20,24257
2014-09-21,23792
2014-09-22,21955
2014-09-23,23075
2014-09-24,23817
2014-09-25,24710
2014-09-26,24661
2014-09-27,26047
2014-09-28,25145
2014-09-29,23545
2014-09-30,24354
2014-10-01,25600
2014-10-02,26890
2014-10-03,28016
2014-10-04,32075
2014-10-05,33255
2014-10-06,30228
2014-10-07,30969
2014-10-08,32014
2014-10-09,31827
2014-10-10,31466
2014-10-11,34215
2014-10-12,34653
2014-10-13,33671
2014-10-14,33736
2014-10-15,35167
2014-10-16,36841
2014-10-17,38733
2014-10-18,40547
2014-10-19,41574
2014-10-20,39689
2014-10-21,42901
2014-10-22,46823
2014-10-23,51273
2014-10-24,51556
2014-10-25,55304
2014-10-26,57356
2014-10-27,54816
2014-10-28,55967
2014-10-29,58308
2014-10-30,63354
2014-10-31,59344
2014-11-01,82050
2014-11-02,92998
2014-11-03,86807
2014-11-04,92612
2014-11-05,95382
2014-11-06,104941
2014-11-07,107446
2014-11-08,119748
2014-11-09,121731
2014-11-10,121151
2014-11-11,134499
2014-11-12,140428
2014-11-13,160096
2014-11-14,167568
2014-11-15,189191
2014-11-16,202959
2014-11-17,204965
2014-11-18,215073
2014-11-19,229463
2014-11-20,240495
2014-11-21,251897
2014-11-22,287141
2014-11-23,294216
2014-11-24,272622
2014-11-25,301077
2014-11-26,330918
2014-11-27,351141
2014-11-28,382343
2014-11-29,447496
2014-11-30,530371
2014-12-01,563431
2014-12-02,591016
2014-12-03,630284
2014-12-04,762506
2014-12-05,805892
2014-12-06,892844
2014-12-07,839046
2014-12-08,718474
2014-12-09,736893
2014-12-10,765647
2014-12-11,785560
2014-12-12,859460
2014-12-13,913841
2014-12-14,853103
2014-12-15,783360
2014-12-16,820216
2014-12-17,883167
2014-12-18,960971
2014-12-19,1090704
2014-12-20,1093062
2014-12-21,1034304
2014-12-22,1063419
2014-12-23,1487214
2014-12-24,2716466
2014-12-25,1328788
2014-12-26,477783
2014-12-27,326343
2014-12-28,258121
2014-12-29,224466
2014-12-30,220621
2014-12-31,287244
2015-01-01,143115
2015-01-02,113695
2015-01-03,98755
2015-01-04,84463
2015-01-05,72279
2015-01-06,70796
2015-01-07,63740
2015-01-08,57160
2015-01-09,57975
2015-01-10,61416
2015-01-11,51408
2015-01-12,41706
2015-01-13,44136
2015-01-14,42568
2015-01-15,42149
2015-01-16,42175
2015-01-17,49208
2015-01-18,43054
2015-01-19,38186
2015-01-20,35984
2015-01-21,34890
2015-01-22,35027
2015-01-23,36753
2015-01-24,40948
2015-01-25,34712
2015-01-26,31223
2015-01-27,32181
2015-01-28,31594
2015-01-29,32032
2015-01-30,34783
2015-01-31,37323
2015-02-01,32634
2015-02-02,30097
2015-02-03,30142
2015-02-04,30361
2015-02-05,30841
2015-02-06,31134
2015-02-07,34409
2015-02-08,29105
2015-02-09,26791
2015-02-10,27258
2015-02-11,26726
2015-02-12,26030
2015-02-13,27908
2015-02-14,31289
2015-02-15,27423
2015-02-16,25507
2015-02-17,24791
2015-02-18,24376
2015-02-19,24196
2015-02-20,26011
2015-02-21,28256
2015-02-22,25272
2015-02-23,22785
2015-02-24,23334
2015-02-25,23888
2015-02-26,23802
2015-02-27,25386
2015-02-28,27278
2015-03-01,24710
2015-03-02,22815
2015-03-03,23335
2015-03-04,23715
2015-03-05,24044
2015-03-06,25518
2015-03-07,27406
2015-03-08,22970
2015-03-09,22043
2015-03-10,22633
2015-03-11,22605
2015-03-12,22486
2015-03-13,23358
2015-03-14,25305
2015-03-15,22843
2015-03-16,20107
2015-03-17,20457
2015-03-18,21195
2015-03-19,22554
2015-03-20,23737
2015-03-21,24932
2015-03-22,20336
2015-03-23,18801
2015-03-24,19089
2015-03-25,19677
2015-03-26,20739
2015-03-27,24462
2015-03-28,24586
2015-03-29,21572
2015-03-30,19862
2015-03-31,20470
2015-04-01,20526
2015-04-02,21135
2015-04-03,22721
2015-04-04,23439
2015-04-05,22477
2015-04-06,21754
2015-04-07,22474
2015-04-08,23402
2015-04-09,23462
2015-04-10,22637
2015-04-11,23601
2015-04-12,21919
2015-04-13,20386
2015-04-14,21336
2015-04-15,21368
2015-04-16,21564
2015-04-17,22728
2015-04-18,24037
2015-04-19,21991
2015-04-20,20863
2015-04-21,20721
2015-04-22,20759
2015-04-23,21066
2015-04-24,22245
2015-04-25,23730
2015-04-26,21374
2015-04-27,20370
2015-04-28,21801
2015-04-29,21772
2015-04-30,22242
2015-05-01,24389
2015-05-02,23278
2015-05-03,21643
2015-05-04,20748
2015-05-05,20677
2015-05-06,21083
2015-05-07,21920
2015-05-08,23222
2015-05-09,24130
2015-05-10,21428
2015-05-11,20163
2015-05-12,21552
2015-05-13,22030
2015-05-14,23106
2015-05-15,24446
2015-05-16,25231
2015-05-17,23352
2015-05-18,23754
2015-05-19,25778
2015-05-20,26273
2015-05-21,26194
2015-05-22,26918
2015-05-23,27141
2015-05-24,25416
2015-05-25,23902
2015-05-26,23454
2015-05-27,23407
2015-05-28,23847
2015-05-29,24900
2015-05-30,25804
2015-05-31,23435
2015-06-01,22285
2015-06-02,24162
2015-06-03,24502
2015-06-04,25585
2015-06-05,25589
2015-06-06,25061
2015-06-07,21192
2015-06-08,20182
2015-06-09,22923
2015-06-10,23056
2015-06-11,22860
2015-06-12,23936
2015-06-13,24489
2015-06-14,22098
2015-06-15,21234
2015-06-16,21877
2015-06-17,22560
2015-06-18,23145
2015-06-19,25502
2015-06-20,25846
2015-06-21,23194
2015-06-22,22635
2015-06-23,21138
2015-06-24,19611
2015-06-25,19992
2015-06-26,23679
2015-06-27,25230
2015-06-28,22192
2015-06-29,22076
2015-06-30,23114
2015-07-01,22863
2015-07-02,23659
2015-07-03,24268
2015-07-04,22983
2015-07-05,21707
2015-07-06,21797
2015-07-07,22545
2015-07-08,23441
2015-07-09,23675
2015-07-10,24272
2015-07-11,23517
2015-07-12,22330
2015-07-13,23352
2015-07-14,23638
2015-07-15,24062
2015-07-16,24593
2015-07-17,25494
2015-07-18,25367
2015-07-19,23621
2015-07-20,24055
2015-07-21,24705
2015-07-22,25390
2015-07-23,26456
2015-07-24,33372
2015-07-25,35489
2015-07-26,32780
2015-07-27,34234
2015-07-28,34971
2015-07-29,34266
2015-07-30,34743
2015-07-31,31100
2015-08-01,25948
2015-08-02,24349
2015-08-03,24534
2015-08-04,25804
2015-08-05,26144
2015-08-06,26929
2015-08-07,27371
2015-08-08,26927
2015-08-09,25077
2015-08-10,26178
2015-08-11,26525
2015-08-12,26002
2015-08-13,27371
2015-08-14,28675
2015-08-15,27893
2015-08-16,26456
2015-08-17,27392
2015-08-18,29243
2015-08-19,29591
2015-08-20,29106
2015-08-21,30540
2015-08-22,28284
2015-08-23,23789
2015-08-24,24254
2015-08-25,25880
2015-08-26,26622
2015-08-27,24811
2015-08-28,26049
2015-08-29,26626
2015-08-30,25478
2015-08-31,28397
2015-09-01,29740
2015-09-02,29311
2015-09-03,28852
2015-09-04,35060
2015-09-05,37501
2015-09-06,36268
2015-09-07,32794
2015-09-08,30426
2015-09-09,32030
2015-09-10,31984
2015-09-11,33368
2015-09-12,37326
2015-09-13,36324
2015-09-14,33682
2015-09-15,38328
2015-09-16,42281
2015-09-17,42780
2015-09-18,44041
2015-09-19,48515
2015-09-20,48057
2015-09-21,43747
2015-09-22,44796
2015-09-23,47405
2015-09-24,48569
2015-09-25,51112
2015-09-26,54720
2015-09-27,52804
2015-09-28,48882
2015-09-29,50837
2015-09-30,53588
2015-10-01,55993
2015-10-02,58658
2015-10-03,65134
2015-10-04,63756
2015-10-05,58773
2015-10-06,60876
2015-10-07,61422
2015-10-08,66354
2015-10-09,71253
2015-10-10,81685
2015-10-11,82428
2015-10-12,83999
2015-10-13,79992
2015-10-14,86686
2015-10-15,87620
2015-10-16,92693
2015-10-17,96423
2015-10-18,96090
2015-10-19,87154
2015-10-20,92931
2015-10-21,95626
2015-10-22,91400
2015-10-23,95606
2015-10-24,101449
2015-10-25,101703
2015-10-26,96301
2015-10-27,100345
2015-10-28,105576
2015-10-29,109524
2015-10-30,110816
2015-10-31,112628
2015-11-01,171530
2015-11-02,165582
2015-11-03,171104
2015-11-04,183420
2015-11-05,196613
2015-11-06,203748
2015-11-07,230025
2015-11-08,236007
2015-11-09,223227
2015-11-10,231321
2015-11-11,230374
2015-11-12,236086
2015-11-13,236884
2015-11-14,263077
2015-11-15,277180
2015-11-16,255582
2015-11-17,274265
2015-11-18,281906
2015-11-19,299901
2015-11-20,323118
2015-11-21,395717
2015-11-22,418122
2015-11-23,385331
2015-11-24,425821
2015-11-25,510154
2015-11-26,547085
2015-11-27,576307
2015-11-28,668781
2015-11-29,705375
2015-11-30,685294
2015-12-01,903782
2015-12-02,892508
2015-12-03,922957
2015-12-04,1011954
2015-12-05,1201721
2015-12-06,1194741
2015-12-07,1010274
2015-12-08,1081093
2015-12-09,1050214
2015-12-10,1123166
2015-12-11,1236254
2015-12-12,1345522
2015-12-13,1254440
2015-12-14,1224161
2015-12-15,1359260
2015-12-16,1430335
2015-12-17,1545386
2015-12-18,1705155
2015-12-19,1661756
2015-12-20,1530044
2015-12-21,1568090
2015-12-22,1777954
2015-12-23,2422163
2015-12-24,4419694
2015-12-25,2518199
2015-12-26,827096
2015-12-27,505257
2015-12-28,462925
2015-12-29,418182
2015-12-30,435097
2015-12-31,657408
2016-01-01,284535
2016-01-02,255028
2016-01-03,218069
2016-01-04,203051
2016-01-05,148661
2016-01-06,137673
2016-01-07,123875
2016-01-08,113708
2016-01-09,113921
2016-01-10,95458
2016-01-11,82488
2016-01-12,81107
2016-01-13,84557
2016-01-14,80017
2016-01-15,85436
2016-01-16,92267
2016-01-17,80900
2016-01-18,71551
2016-01-19,65900
2016-01-20,62103
2016-01-21,63012
2016-01-22,67591
2016-01-23,72197
2016-01-24,61232
2016-01-25,54197
2016-01-26,55906
2016-01-27,55354
2016-01-28,54621
2016-01-29,57091
2016-01-30,56706
2016-01-31,49164
2016-02-01,43680
2016-02-02,43619
2016-02-03,43740
2016-02-04,43059
2016-02-05,45666
2016-02-06,48060
2016-02-07,41856
2016-02-08,36796
2016-02-09,39227
2016-02-10,38980
2016-02-11,39052
2016-02-12,42519
2016-02-13,46114
2016-02-14,41466
2016-02-15,37216
2016-02-16,37553
2016-02-17,37572
2016-02-18,36437
2016-02-19,38456
2016-02-20,40876
2016-02-21,35171
2016-02-22,31901
2016-02-23,32139
2016-02-24,31980
2016-02-25,31357
2016-02-26,34220
2016-02-27,37071
2016-02-28,31484
2016-02-29,28576
2016-03-01,29994
2016-03-02,30398
2016-03-03,31014
2016-03-04,32302
2016-03-05,35158
2016-03-06,30784
2016-03-07,28876
2016-03-08,28862
2016-03-09,28469
2016-03-10,29096
2016-03-11,31277
2016-03-12,34154
2016-03-13,28534
2016-03-14,27060
2016-03-15,28047
2016-03-16,28981
2016-03-17,29263
2016-03-18,29984
2016-03-19,32413
2016-03-20,28071
2016-03-21,26028
2016-03-22,24405
2016-03-23,22853
2016-03-24,23685
2016-03-25,24110
2016-03-26,28776
2016-03-27,28329
2016-03-28,25623
2016-03-29,24911
2016-03-30,26915
2016-03-31,27899
2016-04-01,30117
2016-04-02,32856
2016-04-03,29148
2016-04-04,26496
2016-04-05,26749
2016-04-06,28118
2016-04-07,29616
2016-04-08,32260
2016-04-09,34154
2016-04-10,29029
2016-04-11,26168
2016-04-12,28219
2016-04-13,28019
2016-04-14,29115
2016-04-15,30873
2016-04-16,33313
2016-04-17,28703
2016-04-18,26655
2016-04-19,27407
2016-04-20,28154
2016-04-21,29673
2016-04-22,31616
2016-04-23,33763
2016-04-24,29827
2016-04-25,27529
2016-04-26,28707
2016-04-27,29166
2016-04-28,29500
2016-04-29,30600
2016-04-30,32430
2016-05-01,29790
2016-05-02,27544
2016-05-03,27231
2016-05-04,27392
2016-05-05,28159
2016-05-06,28619
2016-05-07,30536
2016-05-08,26943
2016-05-09,24559
2016-05-10,25999
2016-05-11,26611
2016-05-12,27687
2016-05-13,31036
2016-05-14,32484
2016-05-15,28591
2016-05-16,26261
2016-05-17,26600
2016-05-18,27600
2016-05-19,28363
2016-05-20,29569
2016-05-21,31012
2016-05-22,27638
2016-05-23,25276
2016-05-24,26915
2016-05-25,27557
2016-05-26,28351
2016-05-27,28936
2016-05-28,28946
2016-05-29,27134
2016-05-30,26690
2016-05-31,26701
2016-06-01,27466
2016-06-02,27779
2016-06-03,29455
2016-06-04,30936
2016-06-05,27449
2016-06-06,24662
2016-06-07,25649
2016-06-08,26236
2016-06-09,26483
2016-06-10,28202
2016-06-11,29161
2016-06-12,26405
2016-06-13,25042
2016-06-14,25657
2016-06-15,26982
2016-06-16,27203
2016-06-17,28496
2016-06-18,29501
2016-06-19,26485
2016-06-20,25723
2016-06-21,25211
2016-06-22,25163
2016-06-23,27107
2016-06-24,29118
2016-06-25,29153
2016-06-26,25502
2016-06-27,24983
2016-06-28,26685
2016-06-29,26582
2016-06-30,27164
2016-07-01,28420
2016-07-02,29279
2016-07-03,26384
2016-07-04,25944
2016-07-05,26447
2016-07-06,26126
2016-07-07,26733
2016-07-08,27923
2016-07-09,29680
2016-07-10,25649
2016-07-11,26508
2016-07-12,28269
2016-07-13,27183
2016-07-14,29046
2016-07-15,29485
2016-07-16,30379
2016-07-17,27929
2016-07-18,26764
2016-07-19,26801
2016-07-20,27002
2016-07-21,28657
2016-07-22,29812
2016-07-23,29473
2016-07-24,27575
2016-07-25,27867
2016-07-26,29171
2016-07-27,29924
2016-07-28,31382
2016-07-29,32436
2016-07-30,31449
2016-07-31,29224
2016-08-01,30014
2016-08-02,30990
2016-08-03,30882
2016-08-04,32928
2016-08-05,32522
2016-08-06,30291
2016-08-07,28382
2016-08-08,28893
2016-08-09,29856
2016-08-10,31136
2016-08-11,31893
2016-08-12,34240
2016-08-13,34714
2016-08-14,31716
2016-08-15,31240
2016-08-16,31553
2016-08-17,32061
2016-08-18,33863
2016-08-19,35894
2016-08-20,35496
2016-08-21,35519
2016-08-22,35144
2016-08-23,34923
2016-08-24,36422
2016-08-25,36714
2016-08-26,38621
2016-08-27,39699
2016-08-28,36798
2016-08-29,35358
2016-08-30,37064
2016-08-31,46510
2016-09-01,46373
2016-09-02,47964
2016-09-03,49582
2016-09-04,46562
2016-09-05,44908
2016-09-06,43079
2016-09-07,42483
2016-09-08,43252
2016-09-09,46895
2016-09-10,49862
2016-09-11,44896
2016-09-12,43151
2016-09-13,45659
2016-09-14,46344
2016-09-15,46213
2016-09-16,51578
2016-09-17,58027
2016-09-18,55506
2016-09-19,49924
2016-09-20,51971
2016-09-21,53971
2016-09-22,55625
2016-09-23,57240
2016-09-24,62167
2016-09-25,60741
2016-09-26,57266
2016-09-27,62950
2016-09-28,63112
2016-09-29,64520
2016-09-30,69548
2016-10-01,78166
2016-10-02,76010
2016-10-03,70025
2016-10-04,69405
2016-10-05,68336
2016-10-06,78281
2016-10-07,78949
2016-10-08,90232
2016-10-09,89010
2016-10-10,83685
2016-10-11,90479
2016-10-12,94604
2016-10-13,94235
2016-10-14,96664
2016-10-15,105598
2016-10-16,107029
2016-10-17,97661
2016-10-18,100483
2016-10-19,102399
2016-10-20,106931
2016-10-21,113211
2016-10-22,123693
2016-10-23,123621
2016-10-24,119255
2016-10-25,126702
2016-10-26,130667
2016-10-27,136235
2016-10-28,136577
2016-10-29,143424
2016-10-30,152533
2016-10-31,155215
2016-11-01,252400
2016-11-02,272607
2016-11-03,298201
2016-11-04,298594
2016-11-05,322376
2016-11-06,357764
2016-11-07,336943
2016-11-08,374165
2016-11-09,383036
2016-11-10,424875
2016-11-11,453736
2016-11-12,523296
2016-11-13,537725
2016-11-14,473326
2016-11-15,501691
2016-11-16,527967
2016-11-17,568752
2016-11-18,613870
2016-11-19,751607
2016-11-20,774973
2016-11-21,709125
2016-11-22,743020
2016-11-23,874517
2016-11-24,939312
2016-11-25,1029217
2016-11-26,1244797
2016-11-27,1360313
2016-11-28,1135846
2016-11-29,1207834
2016-11-30,1401947
2016-12-01,1781384
2016-12-02,1813356
2016-12-03,2093040
2016-12-04,2073286
2016-12-05,1753815
2016-12-06,1959561
2016-12-07,1974613
2016-12-08,2161934
2016-12-09,2182713
2016-12-10,2431371
2016-12-11,2260979
2016-12-12,1961721
2016-12-13,2068587
2016-12-14,2165882
2016-12-15,2300132
2016-12-16,2772025
2016-12-17,3026011
2016-12-18,2749133
2016-12-19,2511368
2016-12-20,2732709
2016-12-21,3074486
2016-12-22,3599703
2016-12-23,4971145
2016-12-24,8755068
2016-12-25,4867358
2016-12-26,2084341
2016-12-27,1110856
2016-12-28,874925
2016-12-29,752145
2016-12-30,727663
2016-12-31,1146190
2017-01-01,479810
2017-01-02,402260
2017-01-03,337632
2017-01-04,306098
2017-01-05,298805
2017-01-06,319678
2017-01-07,285207
2017-01-08,212829
2017-01-09,170779
2017-01-10,160504
2017-01-11,149097
2017-01-12,148241
2017-01-13,168132
2017-01-14,162964
2017-01-15,127042
2017-01-16,103410
2017-01-17,102367
2017-01-18,95915
2017-01-19,94882
2017-01-20,100788
2017-01-21,116478
2017-01-22,94195
2017-01-23,78118
2017-01-24,77787
2017-01-25,75777
2017-01-26,71663
2017-01-27,81888
2017-01-28,103584
2017-01-29,76470
2017-01-30,60709
2017-01-31,58264
2017-02-01,63516
2017-02-02,66299
2017-02-03,74276
2017-02-04,79729
2017-02-05,64659
2017-02-06,57234
2017-02-07,57551
2017-02-08,56634
2017-02-09,59234
2017-02-10,63551
2017-02-11,67522
2017-02-12,55418
2017-02-13,52367
2017-02-14,54582
2017-02-15,51481
2017-02-16,51116
2017-02-17,55837
2017-02-18,60304
2017-02-19,50547
2017-02-20,46944
2017-02-21,47228
2017-02-22,52592
2017-02-23,44363
2017-02-24,49332
2017-02-25,52779
2017-02-26,46726
2017-02-27,40310
2017-02-28,42483
2017-03-01,43953
2017-03-02,42892
2017-03-03,45873
2017-03-04,49235
2017-03-05,42758
2017-03-06,38156
2017-03-07,41052
2017-03-08,42374
2017-03-09,42008
2017-03-10,47594
2017-03-11,52918
2017-03-12,43898
2017-03-13,39434
2017-03-14,42600
2017-03-15,41423
2017-03-16,43774
2017-03-17,49126
2017-03-18,49848
2017-03-19,43287
2017-03-20,38468
2017-03-21,41860
2017-03-22,43013
2017-03-23,42193
2017-03-24,44868
2017-03-25,50210
2017-03-26,44054
2017-03-27,40401
2017-03-28,39578
2017-03-29,39634
2017-03-30,39176
2017-03-31,44535
2017-04-01,46003
2017-04-02,38925
2017-04-03,37017
2017-04-04,39081
2017-04-05,37478
2017-04-06,36413
2017-04-07,37708
2017-04-08,44581
2017-04-09,38719
2017-04-10,37210
2017-04-11,37770
2017-04-12,37570
2017-04-13,39171
2017-04-14,40505
2017-04-15,41473
2017-04-16,39898
2017-04-17,37733
2017-04-18,37503
2017-04-19,38021
2017-04-20,36852
2017-04-21,40636
2017-04-22,45141
2017-04-23,37840
2017-04-24,33538
2017-04-25,35621
2017-04-26,37845
2017-04-27,39537
2017-04-28,42918
2017-04-29,44989
2017-04-30,41017
2017-05-01,38722
2017-05-02,35474
2017-05-03,37936
2017-05-04,37058
2017-05-05,41115
2017-05-06,43830
2017-05-07,39923
2017-05-08,36621
2017-05-09,37646
2017-05-10,38144
2017-05-11,38911
2017-05-12,45296
2017-05-13,47919
2017-05-14,41531
2017-05-15,38323
2017-05-16,38578
2017-05-17,38332
2017-05-18,35077
2017-05-19,38178
2017-05-20,41698
2017-05-21,35939
2017-05-22,33314
2017-05-23,34350
2017-05-24,35966
2017-05-25,36480
2017-05-26,37364
2017-05-27,37905
2017-05-28,34649
2017-05-29,33451
2017-05-30,34055
2017-05-31,35610
2017-06-01,109855
2017-06-02,53607
2017-06-03,43528
2017-06-04,84642
2017-06-05,52277
2017-06-06,44560
2017-06-07,41840
2017-06-08,40680
2017-06-09,41356
2017-06-10,44044
2017-06-11,41067
2017-06-12,38126
2017-06-13,39064
2017-06-14,39897
2017-06-15,40122
2017-06-16,40822
2017-06-17,46150
2017-06-18,49347
2017-06-19,34336
2017-06-20,33878
2017-06-21,35083
2017-06-22,36072
2017-06-23,39013
2017-06-24,39435
2017-06-25,36085
2017-06-26,34397
2017-06-27,36057
2017-06-28,36458
2017-06-29,38092
2017-06-30,40265
2017-07-01,41774
2017-07-02,37665
2017-07-03,36775
2017-07-04,37088
2017-07-05,37831
2017-07-06,40592
2017-07-07,42980
2017-07-08,43871
2017-07-09,39780
2017-07-10,39238
2017-07-11,41810
2017-07-12,42792
2017-07-13,41935
2017-07-14,42422
2017-07-15,45154
2017-07-16,40984
2017-07-17,39151
2017-07-18,39823
2017-07-19,41525
2017-07-20,43931
2017-07-21,45928
2017-07-22,46677
2017-07-23,42421
2017-07-24,42541
2017-07-25,44756
2017-07-26,43931
2017-07-27,45691
2017-07-28,47034
2017-07-29,47670
2017-07-30,43953
2017-07-31,45049
2017-08-01,46790
2017-08-02,48431
2017-08-03,50009
2017-08-04,51173
2017-08-05,49531
2017-08-06,43624
2017-08-07,44003
2017-08-08,47139
2017-08-09,46957
2017-08-10,46872
2017-08-11,49704
2017-08-12,50343
2017-08-13,46577
2017-08-14,46020
2017-08-15,45819
2017-08-16,45375
2017-08-17,47037
2017-08-18,49843
2017-08-19,54122
2017-08-20,52329
2017-08-21,52002
2017-08-22,53552
2017-08-23,54861
2017-08-24,56156
2017-08-25,58612
2017-08-26,58673
2017-08-27,54720
2017-08-28,53201
2017-08-29,54851
2017-08-30,57820
2017-08-31,78309
2017-09-01,79069
2017-09-02,73060
2017-09-03,76597
2017-09-04,77512
2017-09-05,69324
2017-09-06,69796
2017-09-07,70518
2017-09-08,71566
2017-09-09,77651
2017-09-10,74272
2017-09-11,66754
2017-09-12,70422
2017-09-13,71667
2017-09-14,72857
2017-09-15,75221
2017-09-16,88049
2017-09-17,84696
2017-09-18,78785
2017-09-19,79644
2017-09-20,81172
2017-09-21,85077
2017-09-22,88261
2017-09-23,96565
2017-09-24,91995
2017-09-25,84257
2017-09-26,84828
2017-09-27,89098
2017-09-28,89948
2017-09-29,95018
2017-09-30,105325
2017-10-01,107616
2017-10-02,97115
2017-10-03,102688
2017-10-04,105178
2017-10-05,108910
2017-10-06,112126
2017-10-07,123529
2017-10-08,123517
2017-10-09,111337
2017-10-10,115294
2017-10-11,123537
2017-10-12,126991
2017-10-13,126601
2017-10-14,135155
2017-10-15,132424
2017-10-16,125128
2017-10-17,128788
2017-10-18,133393
2017-10-19,138374
2017-10-20,146039
2017-10-21,161052
2017-10-22,163011
2017-10-23,158833
2017-10-24,168634
2017-10-25,177303
2017-10-26,185946
2017-10-27,185435
2017-10-28,201456
2017-10-29,208553
2017-10-30,205738
2017-10-31,214827
2017-11-01,347549
2017-11-02,349147
2017-11-03,362436
2017-11-04,402479
2017-11-05,408806
2017-11-06,379224
2017-11-07,418711
2017-11-08,459381
2017-11-09,480408
2017-11-10,520780
2017-11-11,592793
2017-11-12,603104
2017-11-13,547053
2017-11-14,571793
2017-11-15,614931
2017-11-16,646729
2017-11-17,707658
2017-11-18,863542